{"cameraMode":{"drawMode":0,"name":"Shaded","section":"Shading Mode"},"sceneLighting":true,"audioPlay":false,"sceneViewState":{"m_AlwaysRefresh":false,"showFog":true,"showSkybox":true,"showFlares":true,"showImageEffects":true,"showParticleSystems":true,"showVisualEffectGraphs":true,"m_FxEnabled":true},"in2DMode":false,"pivot":{"x":23.798242568969728,"y":-325.55682373046877,"z":474.7718811035156},"rotation":{"x":-0.29863500595092776,"y":-0.016608193516731263,"z":0.005197794176638126,"w":-0.9542070031166077},"size":292.32513427734377,"orthographic":false}